{
  "VBF_a30_ggyy":{
    "norm":0.18158770791390916
  },
  "ggH_a30_ggyy":{
    "norm":0.05882079365981884
  }
}
